UPDATE `promotion` SET `promotion_id` = 'D001' WHERE `promotion`.`promotion_id` = 'F001'

UPDATE `view_user_promotion` SET `promotion_id` = 'A900' WHERE `view_user_promotion`.`user_and_promotion` = 'UAP0000000000019';
INSERT INTO `view_user_promotion` (`user_and_promotion`, `promotion_id`, `username`, `status`) VALUES ('UAP0000000000027', 'A111', 'Abigail_gg', '1'), ('UAP0000000000028', 'A201', 'Abigail_gg', '1'), ('UAP0000000000029', 'A500', 'Abigail_gg', '1'), ('UAP0000000000030', 'A900', 'Abigail_gg', '1'), ('UAP0000000000031', 'B001', 'Abigail_gg', '1') , ('UAP0000000000032', 'B123', 'Abigail_gg', '1'),('UAP0000000000033', 'B234', 'Abigail_gg', '1'),('UAP0000000000034', 'B333', 'Abigail_gg', '1'),('UAP0000000000035', 'D123', 'Abigail_gg', '1'),('UAP0000000000036', 'D333', 'Abigail_gg', '1'),('UAP0000000000037', 'D567', 'Abigail_gg', '1'),('UAP0000000000038', 'D001', 'Abigail_gg', '1');


INSERT INTO `view_user_promotion` (`user_and_promotion`, `promotion_id`, `username`, `status`) VALUES ('UAP0000000000039', 'A111', 'Amelia_LOL', '1'), ('UAP0000000000040', 'A201', 'Amelia_LOL', '1'), ('UAP0000000000041', 'A500', 'Amelia_LOL', '1'), ('UAP0000000000042', 'A900', 'Amelia_LOL', '1'), ('UAP0000000000043', 'B001', 'Amelia_LOL', '1') , ('UAP0000000000044', 'B123', 'Amelia_LOL', '1'),('UAP0000000000045', 'B234', 'Amelia_LOL', '1'),('UAP0000000000046', 'B333', 'Amelia_LOL', '1'),('UAP0000000000047', 'D123', 'Amelia_LOL', '1'),('UAP0000000000048', 'D333', 'Amelia_LOL', '1'),('UAP0000000000049', 'D567','Amelia_LOL', '1'),('UAP0000000000050', 'D001', 'Amelia_LOL', '1');
INSERT INTO `view_user_promotion` (`user_and_promotion`, `promotion_id`, `username`, `status`) VALUES ('UAP0000000000051', 'A111', 'Ava_londa', '1'), ('UAP0000000000052', 'A201','Ava_londa', '1'), ('UAP0000000000053', 'A500', 'Ava_londa', '1'), ('UAP0000000000054', 'A900', 'Ava_londa', '1'), ('UAP0000000000055', 'B001', 'Ava_londa', '1') , ('UAP0000000000056', 'B123', 'Ava_londa', '1'),('UAP0000000000057', 'B234', 'Ava_londa', '1'),('UAP0000000000058', 'B333', 'Ava_londa', '1'),('UAP0000000000059', 'D123', 'Ava_londa', '1'),('UAP0000000000060', 'D333', 'Ava_londa', '1'),('UAP0000000000061', 'D567','Ava_londa', '1'),('UAP0000000000062', 'D001', 'Ava_londa', '1');
INSERT INTO `view_user_promotion` (`user_and_promotion`, `promotion_id`, `username`, `status`) VALUES ('UAP0000000000063', 'A111', 'Ava_megan', '1'), ('UAP0000000000064', 'A201','Ava_megan', '1'), ('UAP0000000000065', 'A500', 'Ava_megan', '1'), ('UAP0000000000066', 'A900', 'Ava_megan', '1'), ('UAP0000000000067', 'B001', 'Ava_megan', '1') , ('UAP0000000000068', 'B123', 'Ava_megan', '1'),('UAP0000000000069', 'B234', 'Ava_megan', '1'),('UAP0000000000070', 'B333', 'Ava_megan', '1'),('UAP0000000000071', 'D123', 'Ava_megan', '1'),('UAP0000000000072', 'D333', 'Ava_megan', '1'),('UAP0000000000073', 'D567','Ava_megan', '1'),('UAP0000000000074', 'D001', 'Ava_megan', '1');

INSERT INTO `view_user_promotion` (`user_and_promotion`, `promotion_id`, `username`, `status`) VALUES ('UAP0000000000075', 'A111', 'Bethany_Isla', '1'), ('UAP0000000000076', 'A201','Bethany_Isla', '1'), ('UAP0000000000077', 'A500', 'Bethany_Isla', '1'), ('UAP0000000000078', 'A900', 'Bethany_Isla', '1'), ('UAP0000000000079', 'B001', 'Bethany_Isla', '1') , ('UAP0000000000080', 'B123', 'Bethany_Isla', '1'),('UAP0000000000081', 'B234', 'Bethany_Isla', '1'),('UAP0000000000082', 'B333','Bethany_Isla', '1'),('UAP0000000000083', 'D123', 'Bethany_Isla', '1'),('UAP0000000000084', 'D333', 'Bethany_Isla', '1'),('UAP0000000000085', 'D567','Bethany_Isla', '1'),('UAP0000000000086', 'D001', 'Bethany_Isla', '1');
INSERT INTO `view_user_promotion` (`user_and_promotion`, `promotion_id`, `username`, `status`) VALUES ('UAP0000000000087', 'A111', 'CharliePenkyle', '1'), ('UAP0000000000088', 'A201','CharliePenkyle', '1'),  ('UAP0000000000089', 'A900', 'CharliePenkyle', '1'), ('UAP0000000000090', 'B001', 'CharliePenkyle', '1') , ('UAP0000000000091', 'B123', 'CharliePenkyle', '1'),('UAP0000000000092', 'B333','CharliePenkyle', '1'),('UAP0000000000093', 'D123', 'CharliePenkyle', '1'),('UAP0000000000094', 'D333', 'CharliePenkyle', '1'),('UAP0000000000095', 'D567','CharliePenkyle', '1'),('UAP0000000000096', 'D001', 'CharliePenkyle', '1');
INSERT INTO `view_user_promotion` (`user_and_promotion`, `promotion_id`, `username`, `status`) VALUES ('UAP0000000000097', 'A111', 'Dadadamianw', '1'), ('UAP0000000000098', 'A201','Dadadamianw', '1'), ('UAP0000000000099', 'A500', 'Dadadamianw', '1'), ('UAP0000000000100', 'A900', 'Dadadamianw', '1'), ('UAP0000000000101', 'B001', 'Dadadamianw', '1') , ('UAP0000000000102', 'B123', 'Dadadamianw', '1'),('UAP0000000000103', 'B333','Dadadamianw', '1'),('UAP0000000000104', 'D123', 'Dadadamianw', '1'),('UAP0000000000105', 'D333', 'Dadadamianw', '1'),('UAP0000000000106', 'D567','Dadadamianw', '1'),('UAP0000000000107', 'D001', 'Dadadamianw', '1');
INSERT INTO `view_user_promotion` (`user_and_promotion`, `promotion_id`, `username`, `status`) VALUES ('UAP0000000000108', 'A111', 'Emily_EB', '1'), ('UAP0000000000109', 'A201','Emily_EB', '1'), ('UAP0000000000110', 'A500', 'Emily_EB', '1'), ('UAP0000000000111', 'A900', 'Emily_EB', '1'), ('UAP0000000000112', 'B001', 'Emily_EB', '1') , ('UAP0000000000113', 'B123', 'Emily_EB', '1'),('UAP0000000000114', 'B234', 'Emily_EB', '1'),('UAP0000000000115', 'B333','Emily_EB', '1'),('UAP0000000000116', 'D123', 'Emily_EB', '1'),('UAP0000000000117', 'D333', 'Emily_EB', '1'),('UAP0000000000118', 'D567','Emily_EB', '1'),('UAP0000000000119', 'D001','Emily_EB', '1');
INSERT INTO `view_user_promotion` (`user_and_promotion`, `promotion_id`, `username`, `status`) VALUES ('UAP0000000000120', 'A111', 'Emily_Susan', '1'), ('UAP0000000000121', 'A201','Emily_Susan', '1'), ('UAP0000000000122', 'A500', 'Emily_Susan', '1'), ('UAP0000000000123', 'A900', 'Emily_Susan', '1'), ('UAP0000000000124', 'B001', 'Emily_Susan', '1') , ('UAP0000000000125', 'B123', 'Emily_Susan', '1'),('UAP0000000000126', 'B234','Emily_Susan', '1'),('UAP0000000000127', 'B333','Emily_Susan', '1'),('UAP0000000000128', 'D123', 'Emily_Susan', '1'),('UAP0000000000129', 'D333', 'Emily_Susan', '1'),('UAP0000000000130', 'D567','Emily_Susan', '1'),('UAP0000000000131', 'D001','Emily_Susan', '1');
INSERT INTO `view_user_promotion` (`user_and_promotion`, `promotion_id`, `username`, `status`) VALUES ('UAP0000000000132', 'A111', 'Emma_Mary', '1'), ('UAP0000000000133', 'A201','Emma_Mary', '1'), ('UAP0000000000134', 'A500', 'Emma_Mary', '1'), ('UAP0000000000135', 'A900', 'Emma_Mary', '1'), ('UAP0000000000136', 'B001', 'Emma_Mary', '1') , ('UAP0000000000137', 'B123', 'Emma_Mary', '1'),('UAP0000000000138', 'B234','Emma_Mary', '1'),('UAP0000000000139', 'B333','Emma_Mary', '1'),('UAP0000000000140', 'D123', 'Emily_Susan', '1'),('UAP0000000000141', 'D333', 'Emma_Mary', '1'),('UAP0000000000142', 'D567','Emma_Mary', '1'),('UAP0000000000143', 'D001','Emma_Mary', '1');
INSERT INTO `view_user_promotion` (`user_and_promotion`, `promotion_id`, `username`, `status`) VALUES ('UAP0000000000144', 'A111', 'GeorgeReece101', '1'), ('UAP0000000000145', 'A500', 'GeorgeReece101', '1'),  ('UAP0000000000146', 'B001', 'GeorgeReece101', '1') , ('UAP0000000000147', 'B123', 'GeorgeReece101', '1'),('UAP0000000000148', 'B234','GeorgeReece101', '1'),('UAP0000000000149', 'B333','GeorgeReece101', '1'),('UAP0000000000150', 'D123','GeorgeReece101', '1'),('UAP0000000000151', 'D333', 'GeorgeReece101', '1'),('UAP0000000000152', 'D567','GeorgeReece101', '1'),('UAP0000000000153', 'D001','GeorgeReece101', '1');
INSERT INTO `view_user_promotion` (`user_and_promotion`, `promotion_id`, `username`, `status`) VALUES ('UAP0000000000154', 'A111', 'HarryCL', '1'),('UAP0000000000155', 'A500','HarryCL' , '1'), ('UAP0000000000156', 'A900', 'HarryCL', '1'), ('UAP0000000000157', 'B001', 'HarryCL', '1') , ('UAP0000000000158', 'B123','HarryCL', '1'),('UAP0000000000159', 'B333','HarryCL', '1'),('UAP0000000000160', 'D123', 'HarryCL', '1'),('UAP0000000000161', 'D333', 'HarryCL', '1'),('UAP0000000000162', 'D567','HarryCL', '1'),('UAP0000000000163', 'D001','HarryCL', '1');
INSERT INTO `view_user_promotion` (`user_and_promotion`, `promotion_id`, `username`, `status`) VALUES ('UAP0000000000164', 'A111', 'Isabella_EB', '1'), ('UAP0000000000165', 'A201','Isabella_EB', '1'), ('UAP0000000000166', 'A500', 'Isabella_EB', '1'), ('UAP0000000000167', 'A900', 'Isabella_EB', '1'), ('UAP0000000000168', 'B001', 'Isabella_EB', '1') , ('UAP0000000000169', 'B123', 'Isabella_EB', '1'),('UAP0000000000170', 'B234', 'Isabella_EB', '1'),('UAP0000000000171', 'B333','Isabella_EB', '1'),('UAP0000000000172', 'D123', 'Isabella_EB', '1'),('UAP0000000000173', 'D333', 'Isabella_EB', '1'),('UAP0000000000174', 'D567','Isabella_EB', '1'),('UAP0000000000175', 'D001','Isabella_EB', '1');
INSERT INTO `view_user_promotion` (`user_and_promotion`, `promotion_id`, `username`, `status`) VALUES ('UAP0000000000176', 'A111', 'Isabella_V', '1'), ('UAP0000000000177', 'A201','Isabella_V', '1'), ('UAP0000000000178', 'A500', 'Isabella_V', '1'), ('UAP0000000000179', 'A900', 'Isabella_V', '1'), ('UAP0000000000180', 'B001', 'Isabella_V', '1') , ('UAP0000000000181', 'B123', 'Isabella_V', '1'),('UAP0000000000182', 'B234', 'Isabella_V', '1'),('UAP0000000000183', 'B333','Isabella_V', '1'),('UAP0000000000184', 'D123', 'Isabella_V', '1'),('UAP0000000000185', 'D333', 'Isabella_V', '1'),('UAP0000000000186', 'D567','Isabella_V', '1'),('UAP0000000000187', 'D001','Isabella_V', '1');
INSERT INTO `view_user_promotion` (`user_and_promotion`, `promotion_id`, `username`, `status`) VALUES ('UAP0000000000188', 'A111', 'JacobMicheal', '1'), ('UAP0000000000189', 'A201','JacobMicheal', '1'), ('UAP0000000000190', 'A500', 'JacobMicheal', '1'), ('UAP0000000000191', 'A900', 'JacobMicheal', '1'), ('UAP0000000000192', 'B001', 'JacobMicheal', '1') , ('UAP0000000000193', 'B123','JacobMicheal', '1'),('UAP0000000000194', 'B234', 'JacobMicheal', '1'),('UAP0000000000195', 'B333','JacobMicheal', '1'),('UAP0000000000196', 'D123', 'JacobMicheal', '1'),('UAP0000000000197', 'D333','JacobMicheal', '1'),('UAP0000000000198', 'D567','JacobMicheal', '1'),('UAP0000000000199', 'D001','JacobMicheal', '1');


INSERT INTO `view_user_promotion` (`user_and_promotion`, `promotion_id`, `username`, `status`) VALUES ('UAP0000000000200', 'A111', 'Joan_of_pop', '1'), ('UAP0000000000201', 'A201','Joan_of_pop', '1'), ('UAP0000000000202', 'A500', 'Joan_of_pop', '1'), ('UAP0000000000203', 'A900', 'Joan_of_pop', '1'), ('UAP0000000000204', 'B001', 'Joan_of_pop', '1') , ('UAP0000000000205', 'B123', 'Joan_of_pop', '1'),('UAP0000000000206', 'B234', 'Joan_of_pop', '1'),('UAP0000000000207', 'B333','Joan_of_pop', '1'),('UAP0000000000208', 'D123', 'Joan_of_pop', '1'),('UAP0000000000209', 'D333', 'Joan_of_pop', '1'),('UAP0000000000210', 'D567','Joan_of_pop', '1'),('UAP0000000000211', 'D001','Joan_of_pop', '1');
INSERT INTO `view_user_promotion` (`user_and_promotion`, `promotion_id`, `username`, `status`) VALUES ('UAP0000000000212', 'A111', 'Joan_of_pop', '1'), ('UAP0000000000213', 'A201','Joan_of_pop', '1'), ('UAP0000000000214', 'A500', 'Joan_of_pop', '1'), ('UAP0000000000215', 'A900', 'Joan_of_pop', '1'), ('UAP0000000000216', 'B001', 'Joan_of_pop', '1') , ('UAP0000000000217', 'B123', 'Joan_of_pop', '1'),('UAP0000000000218', 'B234', 'Joan_of_pop', '1'),('UAP0000000000219', 'B333','Joan_of_pop', '1'),('UAP0000000000220', 'D123', 'Joan_of_pop', '1'),('UAP0000000000221', 'D333', 'Joan_of_pop', '1'),('UAP0000000000222', 'D567','Joan_of_pop', '1'),('UAP0000000000223', 'D001','Joan_of_pop', '1');
INSERT INTO `view_user_promotion` (`user_and_promotion`, `promotion_id`, `username`, `status`) VALUES ('UAP0000000000224', 'A111', 'lauren_Jess1', '1'), ('UAP0000000000225', 'A201','lauren_Jess1', '1'), ('UAP0000000000226', 'A500', 'lauren_Jess1', '1'), ('UAP0000000000227', 'A900', 'lauren_Jess1', '1'), ('UAP0000000000228', 'B001', 'lauren_Jess1', '1') , ('UAP0000000000229', 'B123', 'lauren_Jess1', '1'),('UAP0000000000230', 'B234', 'lauren_Jess1', '1'),('UAP0000000000231', 'B333','lauren_Jess1', '1'),('UAP0000000000232', 'D123','lauren_Jess1', '1'),('UAP0000000000233', 'D333', 'lauren_Jess1', '1'),('UAP0000000000234', 'D567','lauren_Jess1', '1'),('UAP0000000000235', 'D001','lauren_Jess1', '1');
INSERT INTO `view_user_promotion` (`user_and_promotion`, `promotion_id`, `username`, `status`) VALUES ('UAP0000000000236', 'A111', 'Lily_michelle', '1'), ('UAP0000000000237', 'A201','Lily_michelle', '1'), ('UAP0000000000238', 'A500', 'Lily_michelle', '1'), ('UAP0000000000239', 'A900', 'Lily_michelle', '1'), ('UAP0000000000240', 'B001', 'Lily_michelle', '1') , ('UAP0000000000241', 'B123', 'Lily_michelle', '1'),('UAP0000000000242', 'B234', 'Lily_michelle', '1'),('UAP0000000000243', 'B333','Lily_michelle', '1'),('UAP0000000000244', 'D123','Lily_michelle', '1'),('UAP0000000000245', 'D333', 'Lily_michelle', '1'),('UAP0000000000246', 'D567','Lily_michelle', '1'),('UAP0000000000247', 'D001','Lily_michelle', '1');

INSERT INTO `view_user_promotion` (`user_and_promotion`, `promotion_id`, `username`, `status`) VALUES ('UAP0000000000248', 'A111', 'Madison_JS', '1'), ('UAP0000000000249', 'A201','Madison_JS', '1'), ('UAP0000000000250', 'A500', 'Madison_JS', '1'), ('UAP0000000000251', 'A900', 'Madison_JS', '1'), ('UAP0000000000252', 'B001', 'Madison_JS', '1') , ('UAP0000000000253', 'B123', 'Madison_JS', '1'),('UAP0000000000254', 'B234', 'Madison_JS', '1'),('UAP0000000000255', 'B333','Madison_JS', '1'),('UAP0000000000256', 'D123','Madison_JS', '1'),('UAP0000000000257', 'D333', 'Madison_JS', '1'),('UAP0000000000258', 'D567','Madison_JS', '1'),('UAP0000000000259', 'D001','Madison_JS', '1');

INSERT INTO `view_user_promotion` (`user_and_promotion`, `promotion_id`, `username`, `status`) VALUES ('UAP0000000000260', 'A111', 'Mia_barbara', '1'), ('UAP0000000000261', 'A201','Mia_barbara', '1'), ('UAP0000000000262', 'A500','Mia_barbara', '1'), ('UAP0000000000263', 'A900', 'Mia_barbara', '1'), ('UAP0000000000264', 'B001', 'Mia_barbara', '1') , ('UAP0000000000265', 'B123', 'Mia_barbara', '1'),('UAP0000000000266', 'B234', 'Mia_barbara', '1'),('UAP0000000000267', 'B333','Mia_barbara', '1'),('UAP0000000000268', 'D123','Mia_barbara', '1'),('UAP0000000000269', 'D333', 'Mia_barbara', '1'),('UAP0000000000270', 'D567','Mia_barbara', '1'),('UAP0000000000271', 'D001','Mia_barbara', '1');
INSERT INTO `view_user_promotion` (`user_and_promotion`, `promotion_id`, `username`, `status`) VALUES ('UAP0000000000272', 'A111', 'OliveJK', '1'), ('UAP0000000000273', 'A201','OliveJK', '1'), ('UAP0000000000274', 'A500','OliveJK', '1'), ('UAP0000000000275', 'A900','OliveJK', '1'), ('UAP0000000000276', 'B001', 'OliveJK', '1') , ('UAP0000000000277', 'B123', 'OliveJK', '1'),('UAP0000000000278', 'B234','OliveJK', '1'),('UAP0000000000279', 'B333','OliveJK', '1'),('UAP0000000000280', 'D123','OliveJK', '1'),('UAP0000000000281', 'D333','OliveJK', '1'),('UAP0000000000282', 'D567','OliveJK', '1'),('UAP0000000000283', 'D001','OliveJK', '1'),('UAP0000000000284', 'A900','OliveJK', '1'),('UAP0000000000285', 'A500','OliveJK', '1'),('UAP0000000000286', 'B123','OliveJK', '1'),('UAP0000000000287', 'D567','OliveJK', '1');
INSERT INTO `view_user_promotion` (`user_and_promotion`, `promotion_id`, `username`, `status`) VALUES ('UAP0000000000288', 'A111', 'Olivia_Sam', '1'), ('UAP0000000000289', 'A201','Olivia_Sam', '1'), ('UAP0000000000290', 'A500','Olivia_Sam', '1'), ('UAP0000000000291', 'A900','Olivia_Sam', '1'), ('UAP0000000000292', 'B001', 'Olivia_Sam', '1') , ('UAP0000000000293', 'B123', 'Olivia_Sam', '1'),('UAP0000000000294', 'B234','Olivia_Sam', '1'),('UAP0000000000295', 'B333','Olivia_Sam', '1'),('UAP0000000000296', 'D123','Olivia_Sam', '1'),('UAP0000000000297', 'D333','Olivia_Sam', '1'),('UAP0000000000298', 'D567','Olivia_Sam', '1'),('UAP0000000000299', 'D001','Olivia_Sam', '1'),('UAP0000000000300', 'A900','Olivia_Sam', '1'),('UAP0000000000301', 'A500','Olivia_Sam', '1'),('UAP0000000000302', 'B123','Olivia_Sam', '1'),('UAP0000000000303', 'D567','Olivia_Sam', '1');




INSERT INTO `view_user_promotion` (`user_and_promotion`, `promotion_id`, `username`, `status`) VALUES ('UAP0000000000304', 'A111', 'Patricia_olivia', '1'), ('UAP0000000000305', 'A201','Patricia_olivia', '1'), ('UAP0000000000306', 'A500','Patricia_olivia', '1'),('UAP0000000000307', 'A500','Patricia_olivia', '1'), ('UAP0000000000308', 'A900','Patricia_olivia', '1'), ('UAP0000000000309', 'A900','Patricia_olivia', '1'),('UAP0000000000310', 'B001','Patricia_olivia', '1') , ('UAP0000000000311', 'B123', 'Olivia_Sam', '1'), ('UAP0000000000312', 'B123', 'Patricia_olivia', '1'), ('UAP0000000000313', 'B123','Patricia_olivia', '1'),('UAP0000000000314', 'B234','Patricia_olivia', '1'),('UAP0000000000315', 'B333','Patricia_olivia', '1'),('UAP0000000000316', 'B333','Patricia_olivia', '1'),('UAP0000000000317', 'D123','Patricia_olivia', '1'),('UAP0000000000318', 'D123','Patricia_olivia', '1'),('UAP0000000000319', 'D333','Patricia_olivia', '1'),('UAP0000000000320', 'D333','Patricia_olivia', '1'),('UAP0000000000321', 'D333','Patricia_olivia', '1'),('UAP0000000000322', 'D333','Patricia_olivia', '1'),('UAP0000000000323', 'D333','Patricia_olivia', '1'),('UAP0000000000324', 'D567','Patricia_olivia', '1'),('UAP0000000000325', 'D567','Patricia_olivia', '1'),('UAP0000000000326', 'D567','Patricia_olivia', '1'),('UAP0000000000327', 'D567','Patricia_olivia', '1');

INSERT INTO `view_user_promotion` (`user_and_promotion`, `promotion_id`, `username`, `status`) VALUES ('UAP0000000000328', 'A111', 'Sarah_mo', 0), ('UAP0000000000329', 'A201','Sarah_mo', 0), ('UAP0000000000330', 'A500','Sarah_mo', 0),('UAP0000000000331', 'A500','Sarah_mo', 0), ('UAP0000000000332', 'A900','Sarah_mo', 0), ('UAP0000000000333', 'A900','Sarah_mo', 0),('UAP0000000000334', 'B001','Sarah_mo', 0) , ('UAP0000000000335', 'B123', 'Sarah_mo', 0), ('UAP0000000000336', 'B123', 'Sarah_mo', 0), ('UAP0000000000337', 'B123','Sarah_mo', 0),('UAP0000000000338', 'B234','Sarah_mo', 0),('UAP0000000000339', 'B333','Sarah_mo', 0),('UAP0000000000340', 'B333','Sarah_mo', 0),('UAP0000000000341', 'D123','Sarah_mo', 0),('UAP0000000000342', 'D123','Sarah_mo', 0),('UAP0000000000343', 'D333','Sarah_mo', 0),('UAP0000000000344', 'D333','Sarah_mo', 0),('UAP0000000000345', 'D333','Sarah_mo', 0),('UAP0000000000346', 'D333','Sarah_mo', 0),('UAP0000000000347', 'D333','Sarah_mo', 0),('UAP0000000000348', 'D567','Sarah_mo', 0),('UAP0000000000349', 'D567','Sarah_mo', 0),('UAP0000000000350', 'D567','Sarah_mo', 0),('UAP0000000000351', 'D567','Sarah_mo', 0);


INSERT INTO `view_user_promotion` (`user_and_promotion`, `promotion_id`, `username`, `status`) VALUES ('UAP0000000000376', 'A111', 'Sophia_jenni', 0), ('UAP0000000000377', 'A201','Sophia_jenni', 0), ('UAP0000000000378', 'A500','Sophia_jenni', 0),('UAP0000000000379', 'A500','Sophia_jenni', 0), ('UAP0000000000380', 'A900','Sophia_jenni', 0), ('UAP0000000000381', 'A900','Sophia_jenni', 0),('UAP0000000000382', 'B001','Sophia_jenni', 0) , ('UAP0000000000383', 'B123', 'Sophia_jenni', 0), ('UAP0000000000384', 'B123', 'Sophia_jenni', 0), ('UAP0000000000385', 'B123','Sophia_jenni', 0),('UAP0000000000386', 'B234','Sophia_jenni', 0),('UAP0000000000387', 'B333','Sophia_jenni', 0),('UAP0000000000388', 'B333','Sophia_jenni', 0),('UAP0000000000389', 'D123','Sophia_jenni', 0),('UAP0000000000390', 'D123','Sophia_jenni', 0),('UAP0000000000391', 'D333','Sophia_jenni', 0),('UAP0000000000392', 'D333','Sophia_jenni', 0),('UAP0000000000393', 'D333','Sophia_jenni', 0),('UAP0000000000394', 'D333','Sophia_jenni', 0),('UAP0000000000395', 'D333','Sophia_jenni', 0),('UAP0000000000396', 'D567','Sophia_jenni', 0),('UAP0000000000397', 'D567','Sophia_jenni', 0),('UAP0000000000398', 'D567','Sophia_jenni', 0),('UAP0000000000399', 'D567','Sophia_jenni', 0);



INSERT INTO `view_user_promotion` (`user_and_promotion`, `promotion_id`, `username`, `status`) VALUES ('UAP0000000000400', 'A111', 'Sophie_tracer', 0), ('UAP0000000000401', 'A201','Sophie_tracer', 1), ('UAP0000000000402', 'A500','Sophie_tracer', 0),('UAP0000000000403', 'A500','Sophie_tracer', 1), ('UAP0000000000404', 'A900','Sophie_tracer', 0), ('UAP0000000000405', 'A900','Sophie_tracer', 1),('UAP0000000000406', 'B001','Sophie_tracer', 0) , ('UAP0000000000407', 'B123', 'Sophie_tracer', 0), ('UAP0000000000408', 'B123', 'Sophie_tracer', 0), ('UAP0000000000409', 'B123','Sophie_tracer', 0),('UAP0000000000410', 'B234','Sophie_tracer', 1),('UAP0000000000411', 'B333','Sophie_tracer', 1),('UAP0000000000412', 'B333','Sophie_tracer', 1),('UAP0000000000413', 'D123','Sophie_tracer', 1),('UAP0000000000414', 'D123','Sophie_tracer', 0),('UAP0000000000415', 'D333','Sophie_tracer', 1),('UAP0000000000416', 'D333','Sophie_tracer', 1),('UAP0000000000417', 'D333','Sophie_tracer', 0),('UAP0000000000418', 'D333','Sophie_tracer', 0),('UAP0000000000419', 'D333','Sophie_tracer', 0),('UAP0000000000420', 'D567','Sophie_tracer', 0),('UAP0000000000421', 'D567','Sophie_tracer', 1),('UAP0000000000422', 'D567','Sophie_tracer', 1),('UAP0000000000423', 'D567','Sophie_tracer', 1);






/*5/3/2022
/*Update out_of_date Promtion*/
UPDATE `promotion` SET `out_of_date` = '2022-10-31 23:59:59' WHERE `promotion`.`promotion_id` = 'A111'
UPDATE `promotion` SET `out_of_date` = '2022-10-31 23:59:59' WHERE `promotion`.`promotion_id` = 'A201'
UPDATE `promotion` SET `out_of_date` = '2022-10-31 23:59:59' WHERE `promotion`.`promotion_id` = 'A500'
UPDATE `promotion` SET `out_of_date` = '2022-10-31 23:59:59' WHERE `promotion`.`promotion_id` = 'A900'
UPDATE `promotion` SET `out_of_date` = '2022-12-31 23:59:59' WHERE `promotion`.`promotion_id` = 'B001'
UPDATE `promotion` SET `out_of_date` = '2022-12-31 23:59:59' WHERE `promotion`.`promotion_id` = 'B123'
UPDATE `promotion` SET `out_of_date` = '2022-08-31 23:59:59' WHERE `promotion`.`promotion_id` = 'B333'
UPDATE `promotion` SET `out_of_date` = '2022-09-30 23:59:59' WHERE `promotion`.`promotion_id` = 'D001'
UPDATE `promotion` SET `out_of_date` = '2022-10-31 23:59:59' WHERE `promotion`.`promotion_id` = 'D123'
UPDATE `promotion` SET `out_of_date` = '2022-11-30 23:59:59' WHERE `promotion`.`promotion_id` = 'D333'
UPDATE `promotion` SET `out_of_date` = '2022-08-31 23:59:59' WHERE `promotion`.`promotion_id` = 'D567'
/*Update Total of booking */
UPDATE `booking` SET `total` = '4410' WHERE `booking`.`booking_id` = 'BR-0000001'
UPDATE `booking` SET `total` = '2040' WHERE `booking`.`booking_id` = 'BR-0000002'
UPDATE `booking` SET `total` = '2160' WHERE `booking`.`booking_id` = 'BR-0000003'
UPDATE `booking` SET `total` = '8330' WHERE `booking`.`booking_id` = 'BR-0000007'
UPDATE `booking` SET `total` = '3780' WHERE `booking`.`booking_id` = 'BR-0000009'
UPDATE `booking` SET `total` = '4165' WHERE `booking`.`booking_id` = 'BR-0000010'

/*Update Date room*/
UPDATE `date_room` SET `check_in` = '2022-08-05 11:59:00', `check_out` = '2022-08-06 12:59:59' WHERE `date_room`.`date_and_room` = 'DAR0000000000003';
UPDATE `date_room` SET `check_in` = '2022-08-05 05:40:55', `check_out` = '2022-08-06 09:00:00' WHERE `date_room`.`date_and_room` = 'DAR0000000000004';
UPDATE `date_room` SET `check_in` = '2022-08-08 10:00:00', `check_out` = '2022-08-09 12:58:47' WHERE `date_room`.`date_and_room` = 'DAR0000000000005';
UPDATE `date_room` SET `check_in` = '2022-08-12 07:45:00', `check_out` = '2022-08-14 13:58:57' WHERE `date_room`.`date_and_room` = 'DAR0000000000006';
UPDATE `date_room` SET `check_in` = '2022-08-05 02:00:00', `check_out` = '2022-08-07 11:00:00' WHERE `date_room`.`date_and_room` = 'DAR0000000000007';
UPDATE `date_room` SET `check_in` = '2022-08-14 00:01:00', `check_out` = '2022-08-16 13:58:00' WHERE `date_room`.`date_and_room` = 'DAR0000000000008';
UPDATE `booking` SET `total` = '3780', `total_discount` = '420' WHERE `booking`.`booking_id` = 'BR-0000009';
UPDATE `date_room` SET `check_in` = '2022-08-15 03:40:00', `check_out` = '2022-08-16 13:00:00' WHERE `date_room`.`date_and_room` = 'DAR0000000000009';
UPDATE `date_room` SET `check_in` = '2022-08-15 03:40:00', `check_out` = '2022-08-16 13:00:00' WHERE `date_room`.`date_and_room` = 'DAR0000000000010'; UPDATE `date_room` SET `check_in` = '2022-08-15 03:40:00', `check_out` = '2022-08-16 13:00:00' WHERE `date_room`.`date_and_room` = 'DAR0000000000011';
UPDATE `date_room` SET `check_in` = '2022-08-14 00:59:00', `check_out` = '2022-08-15 13:59:59' WHERE `date_room`.`date_and_room` = 'DAR0000000000012'
UPDATE `date_room` SET `check_in` = '2022-08-15 03:40:00' WHERE `date_room`.`date_and_room` = 'DAR0000000000009';
/*BR-0000011- Dadadamian 4days*/
UPDATE `promotion` SET `out_of_date` = '2022-12-31 23:59:59' WHERE `promotion`.`promotion_id` = 'B234'
UPDATE `view_user_promotion` SET `promotion_id` = 'B123' WHERE `view_user_promotion`.`user_and_promotion` = 'UAP0000000000005'
INSERT INTO `booking` (`booking_id`, `username`, `booking_time`, `total`, `total_discount`, `user_and_promotion`, `participant`) VALUES ('BR-0000011', 'Dadadamianw', '2022-09-01 01:01:01', '4760', '840', 'UAP0000000000005', '2')
INSERT INTO `date_room` (`date_and_room`, `check_in`, `check_out`, `room_id`, `booking_id`, `add_bed`) VALUES ('DAR0000000000013', '2022-09-02 10:51:49 ', '2022-09-05 13:59:58', 'BB126', 'BR-0000011', '0')
UPDATE `view_user_promotion` SET `status` = '0' WHERE `view_user_promotion`.`user_and_promotion` = 'UAP0000000000005'

UPDATE `date_room` SET `check_in` = '2022-08-02 10:00:00', `check_out` = '2022-08-03 13:30:00' WHERE `date_room`.`date_and_room` = 'DAR0000000000001'; UPDATE `date_room` SET `check_in` = '2022-08-04 08:00:00', `check_out` = '2022-08-05 13:58:00' WHERE `date_room`.`date_and_room` = 'DAR0000000000002';
INSERT INTO `booking_activity` (`booking_activity_id`, `date_and_room`, `participant`, `booked_at`, `user_and_promotion`, `total`, `total_discount`) VALUES ('BA0011', 'DAR0000000000013', '2', '2022-09-02 19:59:59', 'UAP0000000000003', '900', '100')
INSERT INTO `view_date_activity` (`no_date_activity`, `check_in`, `check_out`, `activity_no`, `booking_activity_id`) VALUES ('VDR-000000000011', '2022-09-02 23:00:00', '2022-09-03 00:00:00', 'Spa01', 'BA0011')
INSERT INTO `food_reserving` (`reserve_id`, `food_id`, `user_and_promotion`, `date_and_room`, `total`, `total_discount`, `quantity`) VALUES ('FR00000006', 'F01010', 'UAP0000000000105', 'DAR0000000000013', '240', '60', '2');
UPDATE `view_user_promotion` SET `status` = '0' WHERE `view_user_promotion`.`user_and_promotion` = 'UAP0000000000105';

/*BR-0000012- Sophie_tracer 3Night*/
INSERT INTO `booking` (`booking_id`, `username`, `booking_time`, `total`, `total_discount`, `user_and_promotion`, `participant`) VALUES ('BR-0000012', 'Sophie_tracer', '2022-09-01 01:55:09', '11025', '3675', 'UAP0000000000406', '2');
INSERT INTO `date_room` (`date_and_room`, `check_in`, `check_out`, `room_id`, `booking_id`, `add_bed`) VALUES ('DAR0000000000014', '2022-09-02 10:21:45', '2022-09-04 13:51:46', 'BB176', 'BR-0000012', '0');
INSERT INTO `booking_activity` (`booking_activity_id`, `date_and_room`, `participant`, `booked_at`, `user_and_promotion`, `total`, `total_discount`) VALUES ('BA0012', 'DAR0000000000014', '2', '2022-09-02 11:51:59', 'UAP0000000000400', '475', '125');
INSERT INTO `view_date_activity` (`no_date_activity`, `check_in`, `check_out`, `activity_no`, `booking_activity_id`) VALUES ('VDR-000000000012', '2022-09-02 13:00:00', '2022-09-03 15:00:00', 'Onsen01', 'BA0012');
INSERT INTO `food_reserving` (`reserve_id`, `food_id`, `user_and_promotion`, `date_and_room`, `total`, `total_discount`, `quantity`) VALUES ('FR00000007', 'F01014', 'UAP0000000000414', 'DAR0000000000014', '236.3', '41.7', '2');


/*05/04/2022*/
INSERT INTO `booking` (`booking_id`, `username`, `booking_time`, `total`, `total_discount`, `user_and_promotion`, `participant`) VALUES ('BR-0000009', 'Dadadamianw', '2022-05-03 20:59:14', '2160', '240', 'UAP0000000000021', '1');
UPDATE `booking` SET `total` = '2160', `total_discount` = '240' WHERE `booking`.`booking_id` = 'BR-0000009';
INSERT INTO `booking` (`booking_id`, `username`, `booking_time`, `total`, `total_discount`, `user_and_promotion`, `participant`) VALUES ('BR-0000013', 'Dadadamianw', '2022-05-04 13:56:58', '900', '0', NULL, '1');
INSERT INTO `booking` (`booking_id`, `username`, `booking_time`, `total`, `total_discount`, `user_and_promotion`, `participant`) VALUES ('BR-0000014', 'Dadadamianw', '2022-05-04 13:56:58', '900', '0', NULL, '1');
UPDATE `date_room` SET `booking_id` = 'BR-0000013' WHERE `date_room`.`date_and_room` = 'DAR0000000000010';
UPDATE `date_room` SET `booking_id` = 'BR-0000014' WHERE `date_room`.`date_and_room` = 'DAR0000000000011';
UPDATE `date_room` SET `check_in` = '2022-08-02 14:00:02', `check_out` = '2022-08-03 11:59:59' WHERE `date_room`.`date_and_room` = 'DAR0000000000001';
UPDATE `view_date_activity` SET `check_in` = '2022-08-02 21:00:00' WHERE `view_date_activity`.`no_date_activity` = 'VDA-000000000001';
UPDATE `date_room` SET `check_in` = '2022-08-05 14:59:00', `check_out` = '2022-08-06 05:59:59' WHERE `date_room`.`date_and_room` = 'DAR0000000000003';
UPDATE `date_room` SET `check_in` = '2022-08-05 17:05:47', `check_out` = '2022-08-06 11:00:00' WHERE `date_room`.`date_and_room` = 'DAR0000000000004';
UPDATE `date_room` SET `check_in` = '2022-08-08 18:00:00', `check_out` = '2022-08-09 11:58:47' WHERE `date_room`.`date_and_room` = 'DAR0000000000005';
UPDATE `booking_activity` SET `booked_at` = '2022-08-08 21:05:56' WHERE `booking_activity`.`booking_activity_id` = 'BA0009';
UPDATE `view_date_activity` SET `check_in` = '2022-08-15 22:00:00', `activity_no` = 'Spa02' WHERE `view_date_activity`.`no_date_activity` = 'VDA-000000000010';
UPDATE `view_date_activity` SET `check_in` = '2022-08-15 23:00:00', `activity_no` = 'Spa01' WHERE `view_date_activity`.`no_date_activity` = 'VDA-000000000010';
UPDATE `date_room` SET `check_in` = '2022-08-15 14:03:17', `check_out` = '2022-08-16 11:50:00' WHERE `date_room`.`date_and_room` = 'DAR0000000000009'; UPDATE `date_room` SET `check_in` = '2022-08-15 14:03:17', `check_out` = '2022-08-16 11:50:00' WHERE `date_room`.`date_and_room` = 'DAR0000000000010'; UPDATE `date_room` SET `check_in` = '2022-05-04 14:03:17', `check_out` = '2022-08-16 11:50:00' WHERE `date_room`.`date_and_room` = 'DAR0000000000011';

UPDATE `date_room` SET `check_in` = '2022-08-12 14:45:00', `check_out` = '2022-08-14 11:58:57' WHERE `date_room`.`date_and_room` = 'DAR0000000000006'; UPDATE `date_room` SET `check_in` = '2022-08-05 14:55:00' WHERE `date_room`.`date_and_room` = 'DAR0000000000007'; UPDATE `date_room` SET `check_in` = '2022-08-14 14:01:00', `check_out` = '2022-08-16 10:58:00' WHERE `date_room`.`date_and_room` = 'DAR0000000000008'; UPDATE `date_room` SET `check_in` = '2022-08-14 14:59:00', `check_out` = '2022-08-15 10:59:59' WHERE `date_room`.`date_and_room` = 'DAR0000000000012'; UPDATE `date_room` SET `check_in` = '2022-09-02 14:51:49', `check_out` = '2022-09-05 11:59:58' WHERE `date_room`.`date_and_room` = 'DAR0000000000013'; UPDATE `date_room` SET `check_in` = '2022-09-02 14:21:45', `check_out` = '2022-09-04 11:51:46' WHERE `date_room`.`date_and_room` = 'DAR0000000000014';
UPDATE `booking_activity` SET `date_and_room` = 'DAR0000000000009' WHERE `booking_activity`.`booking_activity_id` = 'BA0008';
UPDATE `booking_activity` SET `booked_at` = '2022-08-15 15:46:18' WHERE `booking_activity`.`booking_activity_id` = 'BA0008';
UPDATE `date_room` SET `check_in` = '2022-08-15 14:03:17' WHERE `date_room`.`date_and_room` = 'DAR0000000000011';
/*05/04/2022
Emma_Mary A111 B001 D001 BB279 UAP0000000000132 UAP0000000000136 UAP0000000000143*/
UPDATE `view_user_promotion` SET `status` = '0' WHERE `view_user_promotion`.`user_and_promotion` = 'UAP0000000000132'; UPDATE `view_user_promotion` SET `status` = '0' WHERE `view_user_promotion`.`user_and_promotion` = 'UAP0000000000136'; UPDATE `view_user_promotion` SET `status` = '0' WHERE `view_user_promotion`.`user_and_promotion` = 'UAP0000000000143';
UPDATE `date_room` SET `check_in` = '2022-08-04 16:47:00', `check_out` = '2022-08-05 13:59:00' WHERE `date_room`.`date_and_room` = 'DAR0000000000002';
INSERT INTO `booking` (`booking_id`, `username`, `booking_time`, `total`, `total_discount`, `user_and_promotion`, `participant`) VALUES ('BR-0000016', 'Emma_Mary', '2022-05-04 10:24:27', '7350', '2450', 'UAP0000000000132', '1');
INSERT INTO `date_room` (`date_and_room`, `check_in`, `check_out`, `room_id`, `booking_id`, `add_bed`) VALUES ('DAR0000000000016', '2022-05-05 15:00:00', '2022-07-05 09:53:35', 'BB279', 'BR-0000016', '0');






INSERT INTO `booking` (`booking_id`, `username`, `booking_time`, `total`, `total_discount`, `user_and_promotion`, `participant`) VALUES ('BR-0000015', 'Joan_of_pop', '2022-05-04 23:05:19', '3600', '1200', 'UAP0000000000204', '2');
UPDATE `view_user_promotion` SET `status` = '0' WHERE `view_user_promotion`.`user_and_promotion` = 'UAP0000000000204';
INSERT INTO `date_room` (`date_and_room`, `check_in`, `check_out`, `room_id`, `booking_id`, `add_bed`) VALUES ('DAR0000000000015', '2022-05-05 23:29:16', '2022-05-07 11:50:07', 'BB151', 'BR-0000015', '0');
UPDATE `view_user_promotion` SET `status` = '0' WHERE `view_user_promotion`.`user_and_promotion` = 'UAP0000000000200';
INSERT INTO `view_date_activity` (`no_date_activity`, `check_in`, `check_out`, `activity_no`, `booking_activity_id`) VALUES ('VDR-000000000013', '2022-05-06 18:00:00', '2022-05-06 20:00:00', 'Spa01', 'BA0013');
INSERT INTO `booking_activity` (`booking_activity_id`, `date_and_room`, `participant`, `booked_at`, `user_and_promotion`, `total`, `total_discount`) VALUES ('BA0014', 'DAR0000000000016', '1', '2022-05-05 17:35:05', 'UAP0000000000136', '480', '120');
INSERT INTO `view_date_activity` (`no_date_activity`, `check_in`, `check_out`, `activity_no`, `booking_activity_id`) VALUES ('VDR-000000000014', '2022-05-05 18:00:00', '2022-05-05 18:00:00', 'Onsen02', 'BA0014');

UPDATE `booking` SET `user_and_promotion` = 'UAP0000000000136' WHERE `booking`.`booking_id` = 'BR-0000016';
UPDATE `booking_activity` SET `user_and_promotion` = 'UAP0000000000132' WHERE `booking_activity`.`booking_activity_id` = 'BA0014';
UPDATE `booking_activity` SET `booked_at` = '2022-08-04 17:09:58' WHERE `booking_activity`.`booking_activity_id` = 'BA0002';
UPDATE `view_date_activity` SET `check_in` = '2022-08-14 15:00:00' WHERE `view_date_activity`.`no_date_activity` = 'VDA-000000000007';
UPDATE `view_date_activity` SET `check_out` = '2022-08-14 16:00:00' WHERE `view_date_activity`.`no_date_activity` = 'VDA-000000000007';
UPDATE `booking_activity` SET `booked_at` = '2022-08-14 14:59:57' WHERE `booking_activity`.`booking_activity_id` = 'BA0003';
UPDATE `booking_activity` SET `booked_at` = '2022-08-15 14:47:42' WHERE `booking_activity`.`booking_activity_id` = 'BA0005';
UPDATE `booking_activity` SET `booked_at` = '2022-08-05 16:20:20' WHERE `booking_activity`.`booking_activity_id` = 'BA0007';
UPDATE `booking_activity` SET `booked_at` = '2022-09-02 15:51:59' WHERE `booking_activity`.`booking_activity_id` = 'BA0012';
UPDATE `view_date_activity` SET `check_in` = '2022-09-02 16:00:00' WHERE `view_date_activity`.`no_date_activity` = 'VDR-000000000012';
UPDATE `view_date_activity` SET `check_out` = '2022-09-02 18:00:00' WHERE `view_date_activity`.`no_date_activity` = 'VDR-000000000012';
UPDATE `view_date_activity` SET `check_out` = '2022-05-05 19:00:00' WHERE `view_date_activity`.`no_date_activity` = 'VDR-000000000014';
UPDATE `booking_activity` SET `booked_at` = '2022-08-15 15:20:30' WHERE `booking_activity`.`booking_activity_id` = 'BA0006';
UPDATE `date_room` SET `check_out` = '2022-05-07 09:53:35' WHERE `date_room`.`date_and_room` = 'DAR0000000000016';

/*Isabella_EB B001 UAP0000000168 DAR17 BB285 */
INSERT INTO `booking` (`booking_id`, `username`, `booking_time`, `total`, `total_discount`, `user_and_promotion`, `participant`) VALUES ('BR-0000017', 'Isabella_EB', '2022-05-06 05:07:49', '7350', '2450', 'UAP0000000000168', '1');
UPDATE `view_user_promotion` SET `status` = '0' WHERE `view_user_promotion`.`user_and_promotion` = 'UAP0000000000168';
INSERT INTO `date_room` (`date_and_room`, `check_in`, `check_out`, `room_id`, `booking_id`, `add_bed`) VALUES ('DAR0000000000017', '2022-05-07 16:47:42', '2022-05-09 10:53:35', 'BB285', 'BR-0000017', '0');

/*Mia_barbara B234 UAP00000000000266 DAR18 BB150*/
INSERT INTO `booking` (`booking_id`, `username`, `booking_time`, `total`, `total_discount`, `user_and_promotion`, `participant`) VALUES ('BR-0000018', 'Mia_barbara', '2022-05-08 05:07:49', '3150', '1050', 'UAP0000000000266', '1');
UPDATE `view_user_promotion` SET `status` = '0' WHERE `view_user_promotion`.`user_and_promotion` = 'UAP0000000000266';
INSERT INTO `date_room` (`date_and_room`, `check_in`, `check_out`, `room_id`, `booking_id`, `add_bed`) VALUES ('DAR0000000000018', '2022-05-09 14:47:42', '2022-05-12 10:53:35', 'BB150', 'BR-0000018', '0');

/* We are the Owner */
INSERT INTO `user` (`username`, `password`, `first_name`, `last_name`, `date_of_birth`, `sex`, `email`, `phone`, `role`) VALUES ('63070501004', '123CPE341004', 'Kanthila', 'Khiaokhoen', '2002-01-23', 'F', 'CPE341004@bbdt.com', '063-705-1004', 'Owner'), ('63070501009', '123CPE341009', 'Kudsum', 'Khamjamnun', '2001-07-19', 'M', 'CPE341009@bbdt.com', '063-705-1009', 'Owner'), ('63070501043', '123CPE341043', 'Pathinya', 'Jongsupangpan', '2001-09-25', 'M', 'CPE341043@bbdt.com', '063-705-1043', 'Owner'), ('63070501067', '123CPE341067', 'Sorathron', 'Kaewchotchuangkul', '2002-01-01', 'M', 'CPE341067@bbdt.com', '063-705-1067', 'Owner'), ('63070501088', '123CPE341088', 'Thanpisit', 'Pisitpon', '2002-02-12', 'M', 'CPE341088@bbdt.com', '063-705-1088', 'Owner');

UPDATE `view_user_promotion` SET `status` = '0' WHERE `view_user_promotion`.`user_and_promotion` = 'UAP0000000000241';
UPDATE `view_user_promotion` SET `status` = '0' WHERE `view_user_promotion`.`user_and_promotion` = 'UAP0000000000252';
UPDATE `view_user_promotion` SET `status` = '0' WHERE `view_user_promotion`.`user_and_promotion` = 'UAP0000000000382';

UPDATE `view_date_activity` SET `no_date_activity` = 'VDA-000000000011' WHERE `view_date_activity`.`no_date_activity` = 'VDR-000000000011';
UPDATE `view_date_activity` SET `no_date_activity` = 'VDA-000000000012' WHERE `view_date_activity`.`no_date_activity` = 'VDR-000000000012';
UPDATE `view_date_activity` SET `no_date_activity` = 'VDA-000000000013' WHERE `view_date_activity`.`no_date_activity` = 'VDR-000000000013';
UPDATE `view_date_activity` SET `no_date_activity` = 'VDA-000000000014' WHERE `view_date_activity`.`no_date_activity` = 'VDR-000000000014';

UPDATE `promotion` SET `out_of_date` = '2022-05-31 17:26:50' WHERE `promotion`.`promotion_id` = 'B123';
UPDATE `promotion` SET `out_of_date` = '2023-12-31 17:26:50' WHERE `promotion`.`promotion_id` = 'B123';
UPDATE `promotion` SET `out_of_date` = '2023-01-01 17:18:20' WHERE `promotion`.`promotion_id` = 'A900';
UPDATE `promotion` SET `out_of_date` = '2023-01-01 17:18:20' WHERE `promotion`.`promotion_id` = 'D123';
UPDATE `promotion` SET `out_of_date` = '2023-01-01 17:18:20' WHERE `promotion`.`promotion_id` = 'D333';


INSERT INTO `booking` (`booking_id`, `username`, `booking_time`, `total`, `total_discount`, `user_and_promotion`, `participant`) VALUES ('BR-0000019', 'Sophia_jenni', '2022-05-11 21:54:10', '3675', '1225', 'UAP0000000000382', '2'), ('BR-0000020', 'Madison_JS', '2022-05-11 22:05:11', '1050', '350', 'UAP0000000000252', '1'), ('BR-0000021', 'Lily_michelle', '2022-05-11 22:12:55', '720', '180', 'UAP0000000000241', '1'), ('BR-0000022', 'Amelia_LOL', '2022-05-11 22:13:55', '4900', '0', NULL, '2'), ('BR-0000023', 'Ava_londa', '2022-05-11 22:14:55', '2400', '0', NULL, '1');

INSERT INTO `date_room` (`date_and_room`, `check_in`, `check_out`, `room_id`, `booking_id`, `add_bed`) VALUES ('DAR0000000000019', '2022-05-15 14:00:00', '2022-05-16 12:00:00', 'BB299', 'BR-0000019', '0'), ('DAR0000000000020', '2022-05-15 14:00:00', '2022-05-16 12:00:00', 'BB226', 'BR-0000020', '0'), ('DAR0000000000021', '2022-05-15 14:00:00', '2022-05-16 12:00:00', 'BB201', 'BR-0000021', '0'), ('DAR0000000000022', '2022-05-15 14:00:00', '2022-05-16 12:00:00', 'BB199', 'BR-0000022', '0'), ('DAR0000000000023', '2022-05-15 14:00:00', '2022-05-16 12:00:00', 'BB160', 'BR-0000023', '0');

INSERT INTO `booking_activity` (`booking_activity_id`, `date_and_room`, `participant`, `booked_at`, `user_and_promotion`, `total`, `total_discount`) VALUES ('BA0015', 'DAR0000000000019', '1', '2022-05-15 16:01:47', NULL, '500', '0'), ('BA0016', 'DAR0000000000019', '1', '2022-05-15 18:01:47', NULL, '300', '0'), ('BA0017', 'DAR0000000000019', '1', '2022-05-15 21:01:47', NULL, '1500', '0');

INSERT INTO `booking_activity` (`booking_activity_id`, `date_and_room`, `participant`, `booked_at`, `user_and_promotion`, `total`, `total_discount`) VALUES ('BA0018', 'DAR0000000000020', '1', '2022-05-15 16:01:47', NULL, '500', '0'), ('BA0019', 'DAR0000000000020', '1', '2022-05-15 18:01:47', NULL, '300', '0'), ('BA0020', 'DAR0000000000020', '1', '2022-05-15 21:01:47', NULL, '1500', '0');
INSERT INTO `booking_activity` (`booking_activity_id`, `date_and_room`, `participant`, `booked_at`, `user_and_promotion`, `total`, `total_discount`) VALUES ('BA0021', 'DAR0000000000021', '1', '2022-05-15 16:01:47', NULL, '500', '0'), ('BA0022', 'DAR0000000000021', '1', '2022-05-15 18:01:47', NULL, '300', '0'), ('BA0023', 'DAR0000000000021', '1', '2022-05-15 21:01:47', NULL, '1500', '0');
INSERT INTO `booking_activity` (`booking_activity_id`, `date_and_room`, `participant`, `booked_at`, `user_and_promotion`, `total`, `total_discount`) VALUES ('BA0024', 'DAR0000000000022', '1', '2022-05-15 16:01:47', NULL, '500', '0'), ('BA0025', 'DAR0000000000022', '1', '2022-05-15 18:01:47', NULL, '300', '0'), ('BA0026', 'DAR0000000000022', '1', '2022-05-15 21:01:47', NULL, '1500', '0');
INSERT INTO `booking_activity` (`booking_activity_id`, `date_and_room`, `participant`, `booked_at`, `user_and_promotion`, `total`, `total_discount`) VALUES ('BA0027', 'DAR0000000000023', '1', '2022-05-15 16:01:47', NULL, '500', '0'), ('BA0028', 'DAR0000000000023', '1', '2022-05-15 18:01:47', NULL, '300', '0'), ('BA0029', 'DAR0000000000023', '1', '2022-05-15 21:01:47', NULL, '1500', '0');


INSERT INTO `view_date_activity` (`no_date_activity`, `check_in`, `check_out`, `activity_no`, `booking_activity_id`) VALUES ('VDA-000000000015','2022-05-15 17:00:00', '2022-05-15 18:00:00', 'Spa02', 'BA0015'),('VDA-000000000016','2022-05-15 20:00:00', '2022-05-15 21:00:00', 'Onsen02', 'BA0016'),('VDA-000000000017','2022-05-15 22:00:00', '2022-05-15 23:00:00', 'Jetski02', 'BA0017');
INSERT INTO `view_date_activity` (`no_date_activity`, `check_in`, `check_out`, `activity_no`, `booking_activity_id`) VALUES ('VDA-000000000018','2022-05-15 17:00:00', '2022-05-15 18:00:00', 'Spa02', 'BA0018'),('VDA-000000000019','2022-05-15 20:00:00', '2022-05-15 21:00:00', 'Onsen02', 'BA0019'),('VDA-000000000020','2022-05-15 22:00:00', '2022-05-15 23:00:00', 'Jetski02', 'BA0020');
INSERT INTO `view_date_activity` (`no_date_activity`, `check_in`, `check_out`, `activity_no`, `booking_activity_id`) VALUES ('VDA-000000000021','2022-05-15 17:00:00', '2022-05-15 18:00:00', 'Spa02', 'BA0021'),('VDA-000000000022','2022-05-15 20:00:00', '2022-05-15 21:00:00', 'Onsen02', 'BA0022'),('VDA-000000000023','2022-05-15 22:00:00', '2022-05-15 23:00:00', 'Jetski02', 'BA0023');
INSERT INTO `view_date_activity` (`no_date_activity`, `check_in`, `check_out`, `activity_no`, `booking_activity_id`) VALUES ('VDA-000000000024','2022-05-15 17:00:00', '2022-05-15 18:00:00', 'Spa01', 'BA0024'),('VDA-000000000025','2022-05-15 20:00:00', '2022-05-15 21:00:00', 'Onsen01', 'BA0025'),('VDA-000000000026','2022-05-15 22:00:00', '2022-05-15 23:00:00', 'Jetski01', 'BA0020');
INSERT INTO `view_date_activity` (`no_date_activity`, `check_in`, `check_out`, `activity_no`, `booking_activity_id`) VALUES ('VDA-000000000027','2022-05-15 17:00:00', '2022-05-15 18:00:00', 'Spa01', 'BA0027'),('VDA-000000000028','2022-05-15 20:00:00', '2022-05-15 21:00:00', 'Onsen01', 'BA0028'),('VDA-000000000029','2022-05-15 22:00:00', '2022-05-15 23:00:00', 'Jetski01', 'BA0029');